yh jg ker,jejrgn kjr
girlll,chill now u did a lot
Disney shares rally on ‘Deadpool’-driven earnings boost - Financial Times,Try unlimited access
Complete digital access to quality FT journalism on any device. ,
Cancel anytime during your trial.,Uncategorized
health is important,"For heart failure and cardiovascular mortality, strong associations with increased risk persisted even among individuals who were active, suggesting that excess sedentary behavior is associated with greater risk above and beyond the effects of insufficient activity for those two conditions,"
"Education is life","The Importance of Education Education is an important issue in one’s life. It is the key to success in the future and to have many opportunities in our life. Education has many advantages for people. For instance, it illuminates a person’s mind and thinking. It helps students to plan for work or pursue a higher education while graduating from university. Having education in an area helps people think, feel, and behave in a way that contributes to their success, and improves not only their personal satisfaction but also their community. In addition, education develops human personality, thoughts, dealing with others and prepares people for life experiences. It makes people have a special status in their own society and everywhere they live in. I believe that everyone is entitled to have education ‘’from cradle to grave’’. There are various benefits of having education such as having a good career, having a good status in society, and having self-confidence. First of all, education gives us the chance of having a good career in our life. We can have plenty of chances to work at any workplace we wish. In other words, opportunities for a better employment can be more and easy. The highly educated we are the better chance we get."
Senate Republicans deliver a message to Trump: Gaetz’s confirmation is in jeopardy - POLITICO,Its not just the politically vulnerable who are fretting. Theres a fear that Trump is going to waste precious political capital trying to push Gaetz through when he could instead be working on advanc… [+2284 chars],Uncategorized
Ukraine hits Russia with US missiles for first time on war's 1,000th day - Reuters,Content not available.,Uncategorized
Lowe’s Stock Falls After Earnings. It's 'Too Early to Call an Inflection Point.' - Barron's,Content not available.,Uncategorized
Diddy is calling witnesses from prison, prosecutors say - BBC.com,Diddy is facing both civil and criminal lawsuits in the US
Sean "Diddy" Combs has been breaking prison rules by contacting potential witnesses in his upcoming sex trafficking trial, prosecutors have… [+6561 chars],Uncategorized
Walmart Q3 Revenue Hits $169 Billion, EPS Surges by 850% - Yahoo Finance,Walmart (WMT, Financial) reported strong third-quarter earnings results, with revenue and profit smashing analysts' estimates. Net sales increased to $169 billion, 5.4% up from the previous year, whi… [+982 chars],Uncategorized
Sony is in talks to buy FromSoftware’s parent company - Polygon,Reuters reported Tuesday that Sony is in talks to buy Japanese media company Kadokawa, which is the majority owner of Elden Ring developer FromSoftware. Kadokawa also has significant holdings in the … [+2334 chars],Uncategorized
Tesla Stock Is Down. Kim Kardashian Isn’t Helping. - Barron's,Content not available.,Uncategorized
Sonny Bono thought about ‘seriously’ killing Cher, she claims in memoir - Page Six,Cher has revealed how her ex-husband Sonny Bono said he “seriously thought” of killing her at the end of their turbulent marriage.
It happened after Cher was so unhappy that she considered jumping f… [+2921 chars],Uncategorized
The industries that could be hardest hit by Trump's immigration crackdown - Axios,President-elect Trump's vow to deport millions of undocumented immigrants could eliminate workers from U.S. industries already projected to face shortages and cut up to 6.8% of the national gross dom… [+3337 chars],Uncategorized
Ukraine hits Russia with US missiles for first time on war's 1,000th day - Reuters,Content not available.,Uncategorized
Diddy is calling witnesses from prison, prosecutors say - BBC.com,Diddy is facing both civil and criminal lawsuits in the US
Sean "Diddy" Combs has been breaking prison rules by contacting potential witnesses in his upcoming sex trafficking trial, prosecutors have… [+6561 chars],Uncategorized
Walmart Q3 Revenue Hits $169 Billion, EPS Surges by 850% - Yahoo Finance,Walmart (WMT, Financial) reported strong third-quarter earnings results, with revenue and profit smashing analysts' estimates. Net sales increased to $169 billion, 5.4% up from the previous year, whi… [+982 chars],Uncategorized
Sonny Bono thought about ‘seriously’ killing Cher, she claims in memoir - Page Six,Cher has revealed how her ex-husband Sonny Bono said he “seriously thought” of killing her at the end of their turbulent marriage.
It happened after Cher was so unhappy that she considered jumping f… [+2921 chars],Uncategorized
Tigers’ left-hander Tarik Skubal unanimously wins AL Cy Young Award - BBWAA,Detroit Tigers left-hander Tarik Skubal was unanimously selected as the American League Cy Young Award winner.
For the third consecutive year, the AL Cy Young Award winner has been a unanimous choic… [+7532 chars],Uncategorized
Gautam Adani indicted in the US for alleged bribery scheme - Financial Times,Get complete digital access
$75 per month
Complete digital access to quality FT journalism with expert analysis from industry leaders. Pay a year upfront and save 20%.,Uncategorized
Bryan Kohbherger can face death penalty if convicted in trial of slain Idaho college students, judge rules - CBS News,Bryan Kohberger, the man accused of killing four University of Idaho students in 2022, can face the death penalty, a judge has ruled.
Kohberger's defense team had sought to remove the death penalty … [+1472 chars],Uncategorized
Could changes be coming to Medicare, Medicaid with Dr. Oz leading CMS? - ABC News,Content not available.,Uncategorized
Ukrainian Bombers Fire 10 Bunker-Busting Storm Shadow Cruise Missiles At Russian Commanders - Forbes,A Ukrainian Su-24 launches Storm Shadows.
Ukrainian air force capture
On Monday, The New York Times broke the news that U.S. President Joe Biden had authorized Ukraine to fire American-made long-ra… [+3433 chars],Uncategorized
‘PDF to Brainrot’ study tools are a strange iteration on a TikTok trend - TechCrunch,Several AI-based study tools are capitalizing on a “PDF to Brainrot” trend, which will read the text of a document you upload over “oddly satisfying” videos, like ASMR clips of mixing paint and cutti… [+4159 chars],Uncategorized
[Removed],[Removed],Uncategorized
Comcast to spin off cable networks, once star performers for the entertainment giant - The Associated Press,WASHINGTON (AP) Comcast is spinning off into a new company many of the cable television networks that were once at the entertainment giants heart as consumers increasingly swap out their cable TV sub… [+5696 chars],Uncategorized
Remote work crackdown: How Trump’s DOGE could push federal workers to quit - CNN,President-elect Donald Trumps new Department of Government Efficiency, a nongovernmental entity helmed by billionaire Elon Musk and biotech entrepreneur and former Republican presidential candidate V… [+7206 chars],Uncategorized
Biden agrees to give Ukraine anti-personnel mines - BBC.com,US President Joe Biden has agreed to give Ukraine anti-personnel land mines, a US defence official told the BBC, a move seen as an attempt to slow Russian troops who have been steadily advancing in U… [+5341 chars],Uncategorized
Bryan Kohbherger can face death penalty if convicted in trial of slain Idaho college students, judge rules - CBS News,Bryan Kohberger, the man accused of killing four University of Idaho students in 2022, can face the death penalty, a judge has ruled.
Kohberger's defense team had sought to remove the death penalty … [+1472 chars],Uncategorized
Could changes be coming to Medicare, Medicaid with Dr. Oz leading CMS? - ABC News,Content not available.,Uncategorized
Comcast to spin off cable networks, once star performers for the entertainment giant - The Associated Press,WASHINGTON (AP) Comcast is spinning off into a new company many of the cable television networks that were once at the entertainment giants heart as consumers increasingly swap out their cable TV sub… [+5696 chars],Uncategorized
Bryan Kohbherger can face death penalty if convicted in trial of slain Idaho college students, judge rules - CBS News,Bryan Kohberger, the man accused of killing four University of Idaho students in 2022, can face the death penalty, a judge has ruled.
Kohberger's defense team had sought to remove the death penalty … [+1472 chars],Uncategorized
Could changes be coming to Medicare, Medicaid with Dr. Oz leading CMS? - ABC News,Content not available.,Uncategorized
Comcast to spin off cable networks, once star performers for the entertainment giant - The Associated Press,WASHINGTON (AP) Comcast is spinning off into a new company many of the cable television networks that were once at the entertainment giants heart as consumers increasingly swap out their cable TV sub… [+5696 chars],Uncategorized
Live briefing: Israeli strikes kill 52 across Lebanon; Hungary vows to disregard ICC warrants - The Washington Post,Five health-care workers were killed in Lebanon while others wounded in Gaza, local authorities said Friday, as the World Health Organization condemned an extremely worrying pattern of deadly attacks… [+2223 chars],Health
Middle East latest: UN reports heavy clashes between Israeli troops and Hezbollah in south Lebanon - Yahoo! Voices,Content not available.,Uncategorized
Google seems to have called it quits on making its own Android tablets—again - Ars Technica,Content not available.,Uncategorized
Australian teens among six tourists dead as countries warn of suspected methanol poisonings in Laos - CNN,An Australian teenager has become the sixth foreign tourist to die in a suspected mass methanol poisoning in Laos, as a growing list of countries warned of the potentially fatal consequences of drink… [+8317 chars],Uncategorized
Mike Tomlin: Weather didn’t dictate how much we used Justin Fields - NBC Sports,The Steelers have talked often about having a package of plays for quarterback Justin Fields since pulling him from the starting lineup in favor of Russell Wilson, but they never really broke them ou… [+1631 chars],Sports
“We could see a bloodbath!” Carlsen & Co. On The Ding-Gukesh World Championship - Chess.com,"We could see a bloodbath!" said GM Magnus Carlsen on the likelihood of decisive games in the Ding-Gukesh FIDE World Championship that starts Monday in Singapore, with most grandmasters predicting an… [+16624 chars],Sports
'Suspicious package' found outside US Embassy in London - ABC News,Content not available.,Uncategorized
Child dead, 11 people infected by listeria linked to ready-to-eat meat brand - The Washington Post,An infant in California has died after being infected with listeria, the Centers for Disease Control and Prevention said, with 10 other people also being infected in the outbreak, which has been link… [+3308 chars],Uncategorized
At least 15 killed after Israeli strike flattens building in central Beirut, Lebanese officials say - CNN,At least 15 people have been killed and several others injured after an Israeli strike flattened a multi-story residential building in central Beirut overnight, Lebanese officials said.
Israel has b… [+3994 chars],Uncategorized
Medical Mysteries: Her depression and poor memory had an unusual cause - The Washington Post,In the throes of one of the worst crises of her life, Deborah Menzies remembers wondering if she was going to find a place to park her car.
Menzies, then 55, took great pride in her years as a legal… [+11993 chars],Uncategorized
The stars of ‘Wicked’ have been changed for good. Former Elphabas and Glindas remember the magic - CNN,With the premiere of Wicked: Part One, Cynthia Erivo and Ariana Grande join an exclusive club of women who have played two of the most challenging roles in musical theater.
Israeli strikes kill dozens in Gaza over 48 hours, damage hospital in north, Palestinian medics say - Reuters,Content not available.,Uncategorized
Rare Asteroid Sample Contaminated by Microorganisms Despite Scientists’ Best Efforts - Gizmodo,Researchers found evidence of microbial life in what should have been a pristine sample of an asteroid, a frustrating sign that avoiding earthly contamination may be harder than we thought.
Swapping Bondi for Gaetz eases fears at Justice Department, but only a little - POLITICO,In terms of Bondi, people havent freaked out like they did over Gaetz, a career DOJ lawyer said Friday. It doesnt seem surprising to anybody. Shes obviously a loyalist, which makes the choice absurd,… [+4778 chars],Uncategorized
Trump Tax Cuts And 11 Other Reasons To Skip A Roth Conversion - Forbes,Prepaying income tax on a retirement account might be a good idea. Or it could be a really bad idea. Read this before pulling the trigger.
Your financial advisor may be all fired up about prepaying … [+10426 chars],Uncategorized
Bitcoin’s rally is making some investors nervous about the stock market - MarketWatch,Content not available.,Uncategorized
One crew dead, three survive as cargo plane crashes near Vilnius airport - CNN,Content not available.,Uncategorized
Scott Bessent Sees a Coming ‘Global Economic Reordering.’ He Wants to Be Part of It. - The Wall Street Journal,Content not available.,Uncategorized
NFL Week 12 grades: Cowboys earn high mark for shocking win over Commanders, Giants get an 'F' after ugly loss - CBS Sports,© 2004-2024 CBS Interactive. ALL RIGHTS RESERVED.
CBS Sports is a registered trademark of CBS Broadcasting Inc. Commissioner.com is a registered trademark of CBS Interactive Inc.
Sunday Night Football: Saquon Barkley runs for 255, Eagles beat Rams 37-20 - NBC Sports,Saquon Barkley has looked like one of the best free-agent signings in recent memory during the 2024 season.
The Eagles running back continued to put himself squarely in the MVP conversation with his… [+2917 chars],Uncategorized
Watch: Former Pakistan PM Imran Khan's supporters protest in over 60 locations worldwide - The Times of India,Content not available.,Uncategorized
Bitcoin Price Levels to Watch as Key $100K Level Remains in Sight - Investopedia,Content not available.,Uncategorized
‘Yellowstone’: This Season’s Most Shocking Drama? Watching Creator Taylor Sheridan Tear Down Kevin Costner’s Legacy - Variety,SPOILER ALERT: This post contains spoilers from the Season 5, Episode 11 episode of “Yellowstone,” “Three Fifty-Three,” which premiered Sunday, Nov. 24 on Paramount Network.
Adani touts financial muscle, shows can grow without external debt - The Economic Times,Content not available.,Uncategorized
One crew dead, three survive as cargo plane crashes near Vilnius airport - CNN,Content not available.,Uncategorized
NFL Week 12 grades: Cowboys earn high mark for shocking win over Commanders, Giants get an 'F' after ugly loss - CBS Sports,© 2004-2024 CBS Interactive. ALL RIGHTS RESERVED.
CBS Sports is a registered trademark of CBS Broadcasting Inc. Commissioner.com is a registered trademark of CBS Interactive Inc.
Sunday Night Football: Saquon Barkley runs for 255, Eagles beat Rams 37-20 - NBC Sports,Saquon Barkley has looked like one of the best free-agent signings in recent memory during the 2024 season.
The Eagles running back continued to put himself squarely in the MVP conversation with his… [+2917 chars],Uncategorized
Adani touts financial muscle, shows can grow without external debt - The Economic Times,Content not available.,Uncategorized
One crew dead, three survive as cargo plane crashes near Vilnius airport - CNN,Content not available.,Uncategorized
NFL Week 12 grades: Cowboys earn high mark for shocking win over Commanders, Giants get an 'F' after ugly loss - CBS Sports,© 2004-2024 CBS Interactive. ALL RIGHTS RESERVED.
CBS Sports is a registered trademark of CBS Broadcasting Inc. Commissioner.com is a registered trademark of CBS Interactive Inc.
Sunday Night Football: Saquon Barkley runs for 255, Eagles beat Rams 37-20 - NBC Sports,Saquon Barkley has looked like one of the best free-agent signings in recent memory during the 2024 season.
The Eagles running back continued to put himself squarely in the MVP conversation with his… [+2917 chars],Uncategorized
Adani touts financial muscle, shows can grow without external debt - The Economic Times,Content not available.,Uncategorized
TotalEnergies pauses business with Adani Group - Reuters,NEW DELHI/PARIS, Nov 25 (Reuters) - French oil major TotalEnergies (TTEF.PA)
Israeli prime minister approves Lebanon ceasefire deal ‘in principle,’ source says - CNN,Israeli Prime Minister Benjamin Netanyahu approved the emerging ceasefire deal with Hezbollah in principle during a security consultation with Israeli officials Sunday night, a source familiar with t… [+2300 chars],Uncategorized
‘Wicked’ and ‘Gladiator’ make gravity-defying theater debuts - The Associated Press,NEW YORK (AP) With a combined $270 million in worldwide ticket sales, Wicked and Gladiator II breathed fresh life into a box office that has struggled lately, leading to one of the busiest moviegoing… [+5813 chars],Uncategorized
Bird flu detected in raw milk sold at California store - The Washington Post,Bird flu, a virus that can also affect humans, has been discovered in a batch of raw milk sold in California store refrigerators, state regulators said Sunday. While there have been no reported illne… [+3367 chars],Uncategorized
Christopher Rufo Has Trump’s Ear and Wants to End DEI for Good - The Wall Street Journal,Content not available.,Uncategorized
Russia and Ukraine trade drone strikes as Zelenskyy calls on allies for 'unwavering' aid - ABC News,Content not available.,Uncategorized
US finalizes awards to BAE Systems, Rocket Lab for semiconductor chips - Yahoo Finance,By David Shepardson
WASHINGTON (Reuters) - The US Commerce Department said on Monday it is finalizing nearly $60 million in government subsidies for BAE Systems (BAESF) to build chips used in jets a… [+1856 chars],Uncategorized
Harris is telling her advisers and allies to keep her political options open - POLITICO,She doesnt have to decide if she wants to run for something again in the next six months, said one former Harris campaign aide. The natural thing to do would be to set up some type of entity that wou… [+7489 chars],Uncategorized
Israeli prime minister approves Lebanon ceasefire deal ‘in principle,’ source says - CNN,Israeli Prime Minister Benjamin Netanyahu approved the emerging ceasefire deal with Hezbollah in principle during a security consultation with Israeli officials Sunday night, a source familiar with t… [+2300 chars],Uncategorized
US finalizes awards to BAE Systems, Rocket Lab for semiconductor chips - Yahoo Finance,By David Shepardson
WASHINGTON (Reuters) - The US Commerce Department said on Monday it is finalizing nearly $60 million in government subsidies for BAE Systems (BAESF) to build chips used in jets a… [+1856 chars],Uncategorized
Israeli prime minister approves Lebanon ceasefire deal ‘in principle,’ source says - CNN,Israeli Prime Minister Benjamin Netanyahu approved the emerging ceasefire deal with Hezbollah in principle during a security consultation with Israeli officials Sunday night, a source familiar with t… [+2300 chars],Uncategorized
US finalizes awards to BAE Systems, Rocket Lab for semiconductor chips - Yahoo Finance,By David Shepardson
WASHINGTON (Reuters) - The US Commerce Department said on Monday it is finalizing nearly $60 million in government subsidies for BAE Systems (BAESF) to build chips used in jets a… [+1856 chars],Uncategorized
Israeli prime minister approves Lebanon ceasefire deal ‘in principle,’ source says - CNN,Israeli Prime Minister Benjamin Netanyahu approved the emerging ceasefire deal with Hezbollah in principle during a security consultation with Israeli officials Sunday night, a source familiar with t… [+2300 chars],Uncategorized
US finalizes awards to BAE Systems, Rocket Lab for semiconductor chips - Yahoo Finance,By David Shepardson
WASHINGTON (Reuters) - The US Commerce Department said on Monday it is finalizing nearly $60 million in government subsidies for BAE Systems (BAESF) to build chips used in jets a… [+1856 chars],Uncategorized
Israeli prime minister approves Lebanon ceasefire deal ‘in principle,’ source says - CNN,Israeli Prime Minister Benjamin Netanyahu approved the emerging ceasefire deal with Hezbollah in principle during a security consultation with Israeli officials Sunday night, a source familiar with t… [+2300 chars],Uncategorized
US finalizes awards to BAE Systems, Rocket Lab for semiconductor chips - Yahoo Finance,By David Shepardson
WASHINGTON (Reuters) - The US Commerce Department said on Monday it is finalizing nearly $60 million in government subsidies for BAE Systems (BAESF) to build chips used in jets a… [+1856 chars],Uncategorized
Israeli prime minister approves Lebanon ceasefire deal ‘in principle,’ source says - CNN,Israeli Prime Minister Benjamin Netanyahu approved the emerging ceasefire deal with Hezbollah in principle during a security consultation with Israeli officials Sunday night, a source familiar with t… [+2300 chars],Uncategorized
US finalizes awards to BAE Systems, Rocket Lab for semiconductor chips - Yahoo Finance,By David Shepardson
WASHINGTON (Reuters) - The US Commerce Department said on Monday it is finalizing nearly $60 million in government subsidies for BAE Systems (BAESF) to build chips used in jets a… [+1856 chars],Uncategorized
Israeli prime minister approves Lebanon ceasefire deal ‘in principle,’ source says - CNN,Israeli Prime Minister Benjamin Netanyahu approved the emerging ceasefire deal with Hezbollah in principle during a security consultation with Israeli officials Sunday night, a source familiar with t… [+2300 chars],Uncategorized
US finalizes awards to BAE Systems, Rocket Lab for semiconductor chips - Yahoo Finance,By David Shepardson
WASHINGTON (Reuters) - The US Commerce Department said on Monday it is finalizing nearly $60 million in government subsidies for BAE Systems (BAESF) to build chips used in jets a… [+1856 chars],Uncategorized
Israeli prime minister approves Lebanon ceasefire deal ‘in principle,’ source says - CNN,Israeli Prime Minister Benjamin Netanyahu approved the emerging ceasefire deal with Hezbollah in principle during a security consultation with Israeli officials Sunday night, a source familiar with t… [+2300 chars],Uncategorized
US finalizes awards to BAE Systems, Rocket Lab for semiconductor chips - Yahoo Finance,By David Shepardson
WASHINGTON (Reuters) - The US Commerce Department said on Monday it is finalizing nearly $60 million in government subsidies for BAE Systems (BAESF) to build chips used in jets a… [+1856 chars],Uncategorized
Israeli prime minister approves Lebanon ceasefire deal ‘in principle,’ source says - CNN,Israeli Prime Minister Benjamin Netanyahu approved the emerging ceasefire deal with Hezbollah in principle during a security consultation with Israeli officials Sunday night, a source familiar with t… [+2300 chars],Uncategorized
US finalizes awards to BAE Systems, Rocket Lab for semiconductor chips - Yahoo Finance,By David Shepardson
WASHINGTON (Reuters) - The US Commerce Department said on Monday it is finalizing nearly $60 million in government subsidies for BAE Systems (BAESF) to build chips used in jets a… [+1856 chars],Uncategorized
Israeli prime minister approves Lebanon ceasefire deal ‘in principle,’ source says - CNN,Israeli Prime Minister Benjamin Netanyahu approved the emerging ceasefire deal with Hezbollah in principle during a security consultation with Israeli officials Sunday night, a source familiar with t… [+2300 chars],Uncategorized
US finalizes awards to BAE Systems, Rocket Lab for semiconductor chips - Yahoo Finance,By David Shepardson
WASHINGTON (Reuters) - The US Commerce Department said on Monday it is finalizing nearly $60 million in government subsidies for BAE Systems (BAESF) to build chips used in jets a… [+1856 chars],Uncategorized
Musk targets Trump’s favorite fighter jet - POLITICO,Content not available.,Uncategorized
Trump says he will hit China, Canada and Mexico with new tariffs - Financial Times,The new FT Digital Edition: todays FT, cover to cover on any device. This subscription does not include access to ft.com or the FT App.
<ul><li></li>Global news &amp; analysis<li></li>Expert opinion… [+2640 chars],Uncategorized
Memphis stuns No. 2 UConn at Maui Invitational after late technical on Dan Hurley, who blamed loss on 'sh***y calls' - Yahoo Sports,Penny Hardaway and Memphis picked up a big upset win over No. 2 UConn to open the Maui Invitational on Monday. (Darryl Oumi/Getty Images)
Though it looked like their upset bid was going to come up s… [+4386 chars],Uncategorized
Tiger Woods will not play Hero World Challenge - PGA TOUR,Tiger Woods announced Justin Thomas, Jason Day and Nick Dunlap as three sponsor exemptions for the Hero World Challenge. (Gregory Shamus/Getty Images)Woods announces Justin Thomas, Jason Day and Nick… [+2444 chars],Uncategorized
Mike Waltz to resign from House day of inauguration to join Trump administration - The Hill,Skip to content
Rep. Mike Waltz (R-Fla.) will resign from the House on Jan. 20, the day President-elect Trump takes office, to become the national security adviser for Trump’s second term, a source … [+2147 chars],Uncategorized
Gay MSNBC host Jonathan Capehart said he’s ‘conflicted’ by Trump move to pick Scott Bessent for Treasury - New York Post ,A weekend anchor for left-leaning cable channel MSNBC said he was “conflicted” by President-elect Donald Trump’s decision to name the openly gay hedge fund manager Scott Bessent as the next Treasury … [+3733 chars],Uncategorized
Bird flu virus detected in raw milk in California - CNN,Bird flu virus has been found in a batch of raw milk sold in California, and consumers should not drink it, the state Department of Public Health warned Sunday.
The agency said that no illnesses hav… [+3408 chars],Uncategorized
Trump lawyers investigate allegations that top aide sought financial gain from influence with president-elect, sources say - CNN,Attorneys for Donald Trump conducted an internal investigation into allegations that one of his top aides, Boris Epshteyn, has sought to gain financially from his influence with Trump and others in t… [+8481 chars],Uncategorized
Nvidia’s new AI audio model can synthesize sounds that have never existed - Ars Technica,Content not available.,Uncategorized
Trump says he will hit China, Canada and Mexico with new tariffs - Financial Times,The new FT Digital Edition: todays FT, cover to cover on any device. This subscription does not include access to ft.com or the FT App.
<ul><li></li>Global news &amp; analysis<li></li>Expert opinion… [+2640 chars],Uncategorized
Memphis stuns No. 2 UConn at Maui Invitational after late technical on Dan Hurley, who blamed loss on 'sh***y calls' - Yahoo Sports,Penny Hardaway and Memphis picked up a big upset win over No. 2 UConn to open the Maui Invitational on Monday. (Darryl Oumi/Getty Images)
Though it looked like their upset bid was going to come up s… [+4386 chars],Uncategorized
Gay MSNBC host Jonathan Capehart said he’s ‘conflicted’ by Trump move to pick Scott Bessent for Treasury - New York Post ,A weekend anchor for left-leaning cable channel MSNBC said he was “conflicted” by President-elect Donald Trump’s decision to name the openly gay hedge fund manager Scott Bessent as the next Treasury … [+3733 chars],Uncategorized
Trump lawyers investigate allegations that top aide sought financial gain from influence with president-elect, sources say - CNN,Attorneys for Donald Trump conducted an internal investigation into allegations that one of his top aides, Boris Epshteyn, has sought to gain financially from his influence with Trump and others in t… [+8481 chars],Uncategorized
Trump says he will hit China, Canada and Mexico with new tariffs - Financial Times,The new FT Digital Edition: todays FT, cover to cover on any device. This subscription does not include access to ft.com or the FT App.
<ul><li></li>Global news &amp; analysis<li></li>Expert opinion… [+2640 chars],Uncategorized
Memphis stuns No. 2 UConn at Maui Invitational after late technical on Dan Hurley, who blamed loss on 'sh***y calls' - Yahoo Sports,Penny Hardaway and Memphis picked up a big upset win over No. 2 UConn to open the Maui Invitational on Monday. (Darryl Oumi/Getty Images)
Though it looked like their upset bid was going to come up s… [+4386 chars],Uncategorized
Gay MSNBC host Jonathan Capehart said he’s ‘conflicted’ by Trump move to pick Scott Bessent for Treasury - New York Post ,A weekend anchor for left-leaning cable channel MSNBC said he was “conflicted” by President-elect Donald Trump’s decision to name the openly gay hedge fund manager Scott Bessent as the next Treasury … [+3733 chars],Uncategorized
Trump lawyers investigate allegations that top aide sought financial gain from influence with president-elect, sources say - CNN,Attorneys for Donald Trump conducted an internal investigation into allegations that one of his top aides, Boris Epshteyn, has sought to gain financially from his influence with Trump and others in t… [+8481 chars],Uncategorized
Trump says he will hit China, Canada and Mexico with new tariffs - Financial Times,The new FT Digital Edition: todays FT, cover to cover on any device. This subscription does not include access to ft.com or the FT App.
<ul><li></li>Global news &amp; analysis<li></li>Expert opinion… [+2640 chars],Uncategorized
Memphis stuns No. 2 UConn at Maui Invitational after late technical on Dan Hurley, who blamed loss on 'sh***y calls' - Yahoo Sports,Penny Hardaway and Memphis picked up a big upset win over No. 2 UConn to open the Maui Invitational on Monday. (Darryl Oumi/Getty Images)
Though it looked like their upset bid was going to come up s… [+4386 chars],Uncategorized
Gay MSNBC host Jonathan Capehart said he’s ‘conflicted’ by Trump move to pick Scott Bessent for Treasury - New York Post ,A weekend anchor for left-leaning cable channel MSNBC said he was “conflicted” by President-elect Donald Trump’s decision to name the openly gay hedge fund manager Scott Bessent as the next Treasury … [+3733 chars],Uncategorized
Trump lawyers investigate allegations that top aide sought financial gain from influence with president-elect, sources say - CNN,Attorneys for Donald Trump conducted an internal investigation into allegations that one of his top aides, Boris Epshteyn, has sought to gain financially from his influence with Trump and others in t… [+8481 chars],Uncategorized
