username,recommendedArticle,content
thh,"Amazon Cyber Monday 2024: The only deals worth shopping from Apple, Lego, Bissell, KitchenAid, Solo Stove and more - Yahoo Life",We're seeing massive markdowns that'll save you up to 75% on everything from holiday gifts to home goods.
thh,"With more active lifestyle, average adult could live 5.3 years longer - The Washington Post",The least active Americans appear to have the most to gain.
thh,"Iraqi militias enter Syria to reinforce government forces, military sources say - Reuters","Hundreds of fighters from Iran-backed Iraqi militias crossed into Syria overnight to help the government fight rebels who seized Aleppo last week, Syrian and Iraqi sources said, and Tehran pledged to aid the Damascus government."
,,
thh,Josh Allen's Blunt Response to Question About Engagement to Hailee Steinfeld - Athlon Sports,Buffalo Bills star Josh Allen wasn't fielding questions about his engagement to Hailee Steinfeld.
,,
,,
thh,US hits China’s chip industry with new export controls - Financial Times,Parting measures by Biden administration aim to slow Beijing’s development of AI with military applications
thh,Coast Guard and good Samaritans search for people on board fishing boat that capsized in seas off Southeast Alaska - Anchorage Daily News,"Five people were thought to be on board based on “reports from individuals familiar with those aboard the vessel,” the Coast Guard said."
thh,Rapid Reactions: Panthers fall 26-23 in overtime - Panthers.com,"The Panthers made plays, but missed chances in the red zone, missed field goals, and a fumble in overtime cost them against the Buccaneers."
gig,"Amazon Cyber Monday 2024: The only deals worth shopping from Apple, Lego, Bissell, KitchenAid, Solo Stove and more - Yahoo Life",We're seeing massive markdowns that'll save you up to 75% on everything from holiday gifts to home goods.
gig,"With more active lifestyle, average adult could live 5.3 years longer - The Washington Post",The least active Americans appear to have the most to gain.
gig,"Iraqi militias enter Syria to reinforce government forces, military sources say - Reuters","Hundreds of fighters from Iran-backed Iraqi militias crossed into Syria overnight to help the government fight rebels who seized Aleppo last week, Syrian and Iraqi sources said, and Tehran pledged to aid the Damascus government."
,,
gig,Josh Allen's Blunt Response to Question About Engagement to Hailee Steinfeld - Athlon Sports,Buffalo Bills star Josh Allen wasn't fielding questions about his engagement to Hailee Steinfeld.
,,
,,
gig,US hits China’s chip industry with new export controls - Financial Times,Parting measures by Biden administration aim to slow Beijing’s development of AI with military applications
gig,Coast Guard and good Samaritans search for people on board fishing boat that capsized in seas off Southeast Alaska - Anchorage Daily News,"Five people were thought to be on board based on “reports from individuals familiar with those aboard the vessel,” the Coast Guard said."
gig,Rapid Reactions: Panthers fall 26-23 in overtime - Panthers.com,"The Panthers made plays, but missed chances in the red zone, missed field goals, and a fumble in overtime cost them against the Buccaneers."
helloo,"Amazon Cyber Monday 2024: The only deals worth shopping from Apple, Lego, Bissell, KitchenAid, Solo Stove and more - Yahoo Life",We're seeing massive markdowns that'll save you up to 75% on everything from holiday gifts to home goods.
helloo,"With more active lifestyle, average adult could live 5.3 years longer - The Washington Post",The least active Americans appear to have the most to gain.
helloo,"Iraqi militias enter Syria to reinforce government forces, military sources say - Reuters","Hundreds of fighters from Iran-backed Iraqi militias crossed into Syria overnight to help the government fight rebels who seized Aleppo last week, Syrian and Iraqi sources said, and Tehran pledged to aid the Damascus government."
,,
helloo,Josh Allen's Blunt Response to Question About Engagement to Hailee Steinfeld - Athlon Sports,Buffalo Bills star Josh Allen wasn't fielding questions about his engagement to Hailee Steinfeld.
,,
,,
helloo,US hits China’s chip industry with new export controls - Financial Times,Parting measures by Biden administration aim to slow Beijing’s development of AI with military applications
helloo,Coast Guard and good Samaritans search for people on board fishing boat that capsized in seas off Southeast Alaska - Anchorage Daily News,"Five people were thought to be on board based on “reports from individuals familiar with those aboard the vessel,” the Coast Guard said."
helloo,Rapid Reactions: Panthers fall 26-23 in overtime - Panthers.com,"The Panthers made plays, but missed chances in the red zone, missed field goals, and a fumble in overtime cost them against the Buccaneers."
hansaja,"Amazon Cyber Monday 2024: The only deals worth shopping from Apple, Lego, Bissell, KitchenAid, Solo Stove and more - Yahoo Life",We're seeing massive markdowns that'll save you up to 75% on everything from holiday gifts to home goods.
hansaja,"With more active lifestyle, average adult could live 5.3 years longer - The Washington Post",The least active Americans appear to have the most to gain.
hansaja,"Iraqi militias enter Syria to reinforce government forces, military sources say - Reuters","Hundreds of fighters from Iran-backed Iraqi militias crossed into Syria overnight to help the government fight rebels who seized Aleppo last week, Syrian and Iraqi sources said, and Tehran pledged to aid the Damascus government."
,,
hansaja,Josh Allen's Blunt Response to Question About Engagement to Hailee Steinfeld - Athlon Sports,Buffalo Bills star Josh Allen wasn't fielding questions about his engagement to Hailee Steinfeld.
,,
,,
hansaja,US hits China’s chip industry with new export controls - Financial Times,Parting measures by Biden administration aim to slow Beijing’s development of AI with military applications
hansaja,Coast Guard and good Samaritans search for people on board fishing boat that capsized in seas off Southeast Alaska - Anchorage Daily News,"Five people were thought to be on board based on “reports from individuals familiar with those aboard the vessel,” the Coast Guard said."
hansaja,Rapid Reactions: Panthers fall 26-23 in overtime - Panthers.com,"The Panthers made plays, but missed chances in the red zone, missed field goals, and a fumble in overtime cost them against the Buccaneers."
san,"Amazon Cyber Monday 2024: The only deals worth shopping from Apple, Lego, Bissell, KitchenAid, Solo Stove and more - Yahoo Life",We're seeing massive markdowns that'll save you up to 75% on everything from holiday gifts to home goods.
san,"With more active lifestyle, average adult could live 5.3 years longer - The Washington Post",The least active Americans appear to have the most to gain.
san,"Iraqi militias enter Syria to reinforce government forces, military sources say - Reuters","Hundreds of fighters from Iran-backed Iraqi militias crossed into Syria overnight to help the government fight rebels who seized Aleppo last week, Syrian and Iraqi sources said, and Tehran pledged to aid the Damascus government."
,,
san,Josh Allen's Blunt Response to Question About Engagement to Hailee Steinfeld - Athlon Sports,Buffalo Bills star Josh Allen wasn't fielding questions about his engagement to Hailee Steinfeld.
,,
,,
san,US hits China’s chip industry with new export controls - Financial Times,Parting measures by Biden administration aim to slow Beijing’s development of AI with military applications
san,Coast Guard and good Samaritans search for people on board fishing boat that capsized in seas off Southeast Alaska - Anchorage Daily News,"Five people were thought to be on board based on “reports from individuals familiar with those aboard the vessel,” the Coast Guard said."
san,Rapid Reactions: Panthers fall 26-23 in overtime - Panthers.com,"The Panthers made plays, but missed chances in the red zone, missed field goals, and a fumble in overtime cost them against the Buccaneers."
